Model,RMSE,MAE,R² Score
User-Based CF,0.9423167579063216,0.7099124925339673,0.18583429326194922
SVD,2.858365344922788,2.6324970856403422,-6.49125278396937
Linear Regression,0.8109308257921045,0.6158835345479241,0.40219600617464135
Ridge Regression,0.8109310254304631,0.6158844708523609,0.4021957118348062
Random Forest,0.79435465396057,0.5934275854003418,0.4263855517961528
